company,website
 Xerox UK Holding Limited Uxbridge , www.xerox.co.uk
 Autonoom Gemeentebedrijf Elektriciteitsnet Izegem Gmntljk Instlng Izegem, www.izegem.be
 Gemeentelijk Slachthuisbedrijf en Veemarktbedrijf van Sint-Truiden Openb. Instel. Sint-Truiden, www.sint-truiden.be
 Commune de Rouvroy Instn Mncpl Rouvroy, www.rouvroy.info
 De Coene - Simons BVBA Gent, www.toolpunt.be
 Centrale voor Huisvesting CVBA Gent, www.volkshaard.be
 Belga NV Bruxelles, www.belgafilms.be
 Fluvio Labor BVBA Beveren-Waas, openthebox.be
 Agida BVBA Wetteren, www.agoda.com
 Information Technology Group NV Gent, www.sdditg.com
 Van Gansen Dealership BVBA Antwerpen, garagevangansen.be
 Church's English Shoes SA Bruxelles, www.church-footwear.com
 Transports et Sablière Heremans SA Incourt, www.vaills.com
 Studio Teurlings BVBA Halle, www.selexion.be
 Ets Ghislain SPRL Mons, www.menuiserie-ghilain.be
 Société de Logements de Mouscron SC Mouscron, www.swl.be
 Entreprises de Travaux Publics Léon Michaux SA Farciennes, www.michauxconstruct.com
 Pâtisserie M.Schamp SA Charleroi, www.boulangerie-schamp.be
 Centre Funeraire Zammattio & Fils SPRL Charleroi, www.inmemoriam.be
 Timmermans Frères SPRL Ecaussinnes, www.ecaussinnes.be
 Centre Hospitalier Universitaire de Tivoli - Institut Médical des Mutualités Socialistes ASBL La Louvière, www.chu-tivoli.be
 Etablissements Landresse SPRL Bruxelles, www.pagesdor.be
 Voets E. en Zoon BVBA Brussel, www.notaris-voets.be
 Kaiser & Co SA Bruxelles, www.hk-piconsulting.com
 Orangeblue SPRL Bruxelles, tissuorange.be
 Nordson Benelux NV Zaventem, www.nordson.com
 Hammes SPRL Saint-Vith, www.levisa.be
 Les Pharmaciens Unis SCRL Liège, www.lespharmaciensunis.be
 Maison Jobé-Baiwir et Compagnie SPRL Liège, retailer.lafuma-furniture.com
 Union Professionnelle des Négociants en Combustibles de la Province de Liège UNION PROF. Bruxelles, www.brafco.be
 Satracom SA Weismes, www.fbaa.be
 Etablissements Ad. Pollet SA Antoing, www.pollet.eu
 Comaprex SA Namur, www.trivago.com
 Pro Maria ASBL Beauraing, www.sanctuairesdebeauraing.be
 Huis De Becker SPRL Bruxelles, gavindebecker.com
 Etablissements Delmoitie freres et fils SPRL Bruxelles, www.md-cuisines.com
 Charles Jolnckheere Et NV Ternat, jonckheere-ch1.skynetblogs.be
 Tornado SA Brussels, www.tornadobf.be
 La Maison du Miel SPRL Bruxelles, lamaisondumiel.be
 La Fiduciaire de Bruxelles SA Bruxelles, www.iec-iab.be
 Panorama De La Bataille De Waterloo (1815) SA Waterloo, fr.wikipedia.org
 Beltratex SA Bruxelles, www.beltratex.com
 Syllab SA Gembloux, www.sakshieducation.com
 Aprisys SA Brussel, www.dievision.eu
 A De Voeght en Cie BVBA Kampenhout, www.reisagent.net
 L'Union Haccourtoise SC Oupeye, reserve-queue-du-bois.footeo.com
 K.F.C. Nijlen VZW Nijlen, www.kfcnijlen.be
 Bulmetal PVBA Antwerpen, www.belgianscrapterminal.com
 Alders Bulk Logistics BVBA Overpelt, www.alders-transport.be
 Kempenland Steenkapperij PVBA Laakdal, www.steenkapperijkempenland.be
 La Femme Prévoyante ASBL Liège, ecolesfps.be
 Carrières des Limites SA Rochefort, www.limites.be
 Transports Bruwier SPRL Oupeye, www.oupeye.be
 Katoen Natie Trucking NV Antwerpen, www.katoennatie.com
 Lloyd's Register of Shipping BUITENL.VEN Antwerpen, www.lr.org
 ATS Antwerp NV Wijnegem, www.atsgroep.be
 Etablissementen J. Vogels -Boon NV Antwerpen, www.vogels.com
 Koninklijke Maatschappij voor Dierkunde van Antwerpen Onroerend Patrimonium NV Antwerpen, markets.ft.com
 Natiënhuis CV Antwerpen, www.uantwerpen.be
 Schipperswelzijn VZW Antwerpen, www.schipperswelzijn.be
 IJzerwaren De Drie Hamerkens BVBA Antwerpen, www.dedriehamerkens.be
 Immo Suy PVBA Beveren-Waas, www.homevast.be
 Apotheek Derumeaux BVBA Harelbeke, www.apotheekderumeaux.be
 Bouwonderneming Deleersnijder PVBA Deerlijk, www.deleersnyderbvba.be
 Verhaeghe G.V.Z. NV Harelbeke, www.wtcb.be
 Deca Services BVBA Vleteren, www.decabrouwerij.be
 Meko Meckanisch oogstbedrijf PVBA Ieper, www.skt.be
 Het Belfort CV Poperinge, communitybuilding.be
 Detra Transport en Trading NV Waregem, www.waregem.be
 Gebroeders Crop Bouwonderneming NV Meulebeke, www.dsvcrop.be
 Marbois SPRL Pecq, www.walup.be
 WERNER & PFLEIDERER SCS Bruxelles, www.interpack.com
 Pharmacie Herman M-C SA Châtelet, www.easypharm.be
 Mecanique Industrielle de Precision SA Bruxelles, www.mecanelec.be
 Confederatin Construction ASBL Herve, www.confederatiebouw.be
 Nord ECLAIR Belg SA Tournai, www.nordeclair.be
 T&T Douanehotel SPRL Bruxelles, www.hotel-de-la-poste.be
 Ebanista Gevelbekleding BVBA Geel, www.ebanista.be
 Société de Gestion Administrative Fiscale et Financière SA Bruxelles, finances.belgium.be
 Transport Vandendriessche BVBA Zwevegem, www.zwevegem.be
 Vereniging der Coöperatieve Apotheken van België UNION PROF. Bruxelles, www.ophaco.org
 Office de Tourisme de la Ville de Mons ASBL Mons, walloniebelgiquetourisme.be
 Vereniging voor Arbeidsveiligheid door Techniek en Kontrole VZW Bonheiden, www.werk.belgie.be
 Royal Syndicat d'Initiative de Limbourg ASBL Limbourg, www.limbourg-tourisme.com
 La Royale Societe Sportive Salmienne ASBL Vielsalm, www.vielsalm.be
 Union des Villes et Communes Belges-Vereniging van Belgische Steden en Gemeenten ASBL Bruxelles, www.uvcb-vbsg.be
 Antwerpse Scheepvaartvereniging VZW Antwerpen, www.asv.be
 Centre National de Recherches Scientifiques et Techniques pour l'Industrie Cimentière ASBL Bruxelles, www.cric.be
 Federation Belge des Entrepreneurs de La Pierre Naturelle ASBL Bruxelles, www.confederationconstruction.be
 Centrale Verwarming Rigole BVBA Kuurne, www.kuurne.be
 Rima BVBA Roeselare, www.rimaroeselare.be
 Tri NV Malle, www.malle.be
 Inrichtingen De Bruyne PVBA Zomergem, inrichtingendebruyne.be
 ENROBAGE STOCKEM-ESA SCA Arlon, www.enrobagestockem.com
 Rambeaux-Dor SA Andenne, www.menopro.be
 Licour SPRL Liège, licour-sprl.business.site
 Etablissements Delcourt SPRL Jodoigne, www.netstart.be
 Syndikaat der Verenigde Vleeshouwers Van Aalst BEROEPSVER. Aalst, www.syndikaat.nl
 Fedagrim ASBL Bruxelles, www.fedagrim.be
 WD Delaere PVBA Izegem, www.delaere.be
 Transports Van Steenkiste NV Dentergem, www.tptvansteenkiste.be
 Parking de l'Anneau d'Or SA Liège, www.parkme.com
 Isoldak PVBA Dixmude, www.isoldak.be
  Lokeren, www.2ememain.be
 Textilcredit ASBL Bruxelles, bruxellesnature.be
 Parochiale Vereniging St-Jan VZW Balen, www.vzw-stjan.be
 Monastere Saint Andre de Clerlande a Ottignies ASBL Ottignies-Louvain-la-Neuve, www.clerlande.com
 Kiewit VZW Hasselt, vzwkiewit.be
 Chambre Belge des traducteurs et Interprètes ASBL Bruxelles, www.cbti-bkvt.org
 Koninklijke Olsene Sportief VZW Zulte, www.olsenesportief.be
 Koninklijke F C Eendracht Zele VZW Zele, www.eendrachtzele.be
 Chambre Royale Artisanale et Patronale de la Construction du Brabant Wallon ASBL Braine-l'Alleud, annuaire.braine-lalleud.be
 Monastère des Carmélites Dechaus ASBL Bruxelles, carmelitesdebruxelles.wordpress.com
 Zusters Kindsheid Jesu Gent VZW Gent, nl.wikipedia.org
 Vereniging Parochiale Werken van het Dekenaat Leuven VZW Leuven, www.kerkleuven.be
 Nat. Belg. Bedevaart OLV.Lourdes VZW Leuven, nationalebelgischebedevaart.be
 Sporta-Centrum Tongerlo VZW Westerlo, www.sporta.be
 Oeuv par St Lambert/Ravignat Cla ASBL Burdinne, www.centre-st-lambert.net
 Apotheek M. Peeters BVBA Kortessem, www.peetersapotheek.be
 Houthandel Coomans en Zonen BVBA Laakdal, www.houthandelcoomans.be
 L'Amis Basilique Nat Sac Coeur K VZW Bruxelles, www.ecocentric.fr
 Beroepsvereniging van Autobus- en Autocarondernemers van West-Vlaanderen BEROEPSVER. Roeselare, www.baav.be
 L'Entraide SERVICES Interprofessio ASBL Bruxelles, www.entraideetculture.be
 Koninklijke Ateliers voor Kunsttapijten Gaspard De Wit In vereffening NV Mechelen, www.openaccessadvocate.nl
 Association des Oeuvres Paroissiales d'Auderghem et de Boitsfort ASBL Bruxelles, www.leireg.de
 Transport en Logistiek Vlaanderen VZW Gent, www.transportenlogistiekvlaanderen.be
 Koninklijke Sportkring Geluwe vzw VZW Wervik, ksk.geluwe.be
 Football Club Walem VZW Mechelen, www.kfcwalem.be
 Marion et Co SA Ohey, www.gallimard-jeunesse.fr
 Syndicat d'Initiative de Florenville-Sur-Semois ASBL Florenville, www.florenville.org
 Laméa ASBL Saint-Nicolas, www.lamea.be
 Racing Jet Wavre ASBL Wavre, en.wikipedia.org
 Carrosseriebedrijf Putzeys BVBA Hasselt, www.putzeyscarrosseriehasselt.be
 F C Vrij Arendonk VZW Arendonk, www.fcvrijarendonk.be
 Gama G Das & Cie GCV Bekkevoort, pharmacie.cybo.com
 Les Amis Réunis ASBL Jalhay, www.tourismejalhaysart.be
 Parking Breidel NV Antwerpen, www.antwerpseparkings.be
 Dotraco BVBA Dot BVBA Antwerpen, www.c-dot.be
 Koninklijke Daring Voetbalclub Ruddervoorde VZW Oostkamp, kdcruddervoorde.be
 Organisation Immobiliere SPRL Bruxelles, www.profacility.be
 Spiphar SPRL Bruxelles, annuaire-horaire.be
 Oxfam- Wereldwinkel VZW Mol, www.oxfamwereldwinkels.be
 Association des Commerçants et Artisans d'Ath ASBL Ath, www.ath.be
 Voetbalclub SLW Maaseik VZW Maaseik, www.slwmaaseik.be
 Fédération des Industries des Eaux de Boisson-Verbond van de Nijverheid der Drinkwaters UNION PROF. Bruxelles, www.finc.nc
 Association Belge des Hôpitaux ASBL Bruxelles, www.hospitals.be
 Plein Vent ASBL Héron, heron.blogs.sudinfo.be
 Med Soc Inst v h Verbond Eeklo VZW Eeklo, new-geozbiljart.be
 Racing Team Glosso VZW Arendonk, www.glossocircuit.be
 Associatie der Parochiale Werken van het kanton Herk-de-Stad VZW Herk-de-Stad, www.halen.be
 Institut Belge des Sciences Adm. ASBL Bruxelles, www.naturalsciences.be
 Sint - Ludovicusmaatschappij VZW Hasselt, hasel.be
 Maison Marie-Louise ASBL Verviers, www.verviers.be
 Koninklijke Dekenij Dampoortstraat VZW Gent, stad.gent
 Royal Excelsior Virton ASBL Virton, revirton.be
 Cult & Soc Werken St Vincentius VZW Deinze, www.svbejaardenzorg.be
 Belgian Luxembourg Mineral Fertilizer Association ASBL Bruxelles, www.belfertil.be
 Les Pêcheurs Réunis de Oignies en Thierache ASBL Viroinval, www.viroinval.be
 Insurance Management Investment Company SA Bruxelles, www.kbcbrussels.be
 Europaille SA Bruxelles, www.faillissementsdossier.be
 Cobby's NV Gent, cobbys.be
 Auto Centrum Zwijndrecht NV Zwijndrecht, www.autocentrumzwijndrecht.nl
 La Cheminee d'Hier et d'Aujourd'Hui SPRL Bruxelles, www.bibliomania.be
 De Rop Van den Bossche NV Dendermonde, groepdender.be
 Drukkerij Soetaert BVBA Ledegem, www.soetaertgraphics.be
 Skura et Cie (Ets) SPRL Bruxelles, www.verif.com
 Genker Voetbalvereniging VZW Genk, www.genkervv.be
 Levrau Maurice BVBA Dentergem, levrau.be
 Vlaanderens Rashondenfestival Kortrijk VZW Kortrijk, www.eurodogshow.be
 Koninklijke Sportkring Rummen VZW Geetbets, www.firmen-benelux.de
 Entente Hesbignonne-Braives ASBL Braives, extremefootballtourism.blogspot.com
 Vayamundo Houffalize SCRL FS Houffalize, www.vayamundo.be
 Koninlijke Marie-Josée Football Club Zichem VZW Scherpenheuvel-Zichem, www.hln.be
 Schrijnwerkerij Mova     P 3902 PVBA Avelgem, www.callebautbvba.be
 Transport Carette BVBA Wevelgem, www.wevelgem.be
 Football club Kleit-Maldegem VZW Maldegem, www.jeugdfckleit.be
 Calistom SA Bruxelles, www.editus.lu
 K.F.C. Excelsior Balgerhoeke VZW Eeklo, excelsiorbalgerhoeke.com
 Bertrand SPRL Sprimont, www.beaucommebertrand.com
 Pierre Fabre Benelux SA Bruxelles, www.pierre-fabre.be
 Advi-info International ASBL VZW VZW Gent, www.credisolv.be
 Sade Compagnie Générale de Travaux d'Hydraulique SOC. ETRANGERE Bruxelles, www.sade-cgth.fr
 Scierie Pétré SA Wanze, www.vinalmont.be
 Service de Remplacement Agricole de la Région Herbagère ASBL Plombières, www.plombieres.be
 Calelec S.Pers.R.L Ath, www.anntutor.com
 Bosmans Bouwmaterialen BVBA Aalst, www.bouwmaterialenbosmans.be
 Garage P. Schyns Eupen SA Eupen, www.peugeotschyns.be
 Ring Shopping Kortrijk Noord VZW Kortrijk, www.ringshopping.be
 Apotheek Meeussen - De Vlier BVBA Wijnegem, www.apotheekmeeussen.be
 Schutz Paul SPRL Engis, www.paulschutz.be
 Ondernemingen GEBROEDERS W NV Grimbergen, www.devisschernv.be
 VELT VZW Vereniging voor Ecologisch Leven en Tuinieren VZW Antwerpen, www.velt.be
 Limburgse Bouwmaterialen PVBA Ravels, www.limburgsebouwmaterialen.nl
 int Mij voor Behangselpapier BVBA Lebbeke, www.action.com
 DS Group SA Bruxelles, www.ds-group.be
 Wilms & Cruysberghs BVBA Meerhout, www.meerhout.be
 Vermako BVBA Tielt, www.vermako.com
 Carrosserie Brosens & Fils SPRL Brussel, www.eurogarant.be
 UNIC-Von der Lahr GmbH Saint-Vith, www.ostbelgien.net
 Lambrecht Nummer Een In Banden - Aalst NV Aalst, www.qteam.be
 Kockelmann SPRL Stavelot, concessions.ducatinortheurope.be
 Limburgse Verzendingsdienst VZW Genk, www.limburgse-verzendingsdienst.be
 Bureau Etudes Claude Lahaye SPRL Aiseau-Presles, www.aiseau-presles.be
 Krankhoeve VZW Bonheiden, www.bonheiden.be
 Drankenhandel Gerto BVBA Herselt, www.abcdrinks.be
 Etablissements Delbruyere Herman et fils SPRL Seneffe, www.seneffe.be
 Nobel SA Bruxelles, www.handyhome.be
 Vital Timmerman BVBA Genk, www.bouwmatch.be
 Immeubles Familiaux de Belgique NV Gent, www.ifbvastgoed.be
 Cleeren NV Alken, www.pootgoed.be
 Ricco Arlon SPRL Arlon, www.luxauto.lu
 Meubles Navez SPRL Ath, www.navezlespritdemeure.com
 Spiessens Dirk BVBA Harelbeke, www.harelbeke.be
 Charoygros en liquidation SPRL Andenne, www.schoups.com
 SK Sonnis Helchteren p/a Vaes E VZW Houthalen-Helchteren, www.houthalen-helchteren.be
 PricewaterhouseCoopers Enterprise Advisory CVBA Zaventem, www.amcham.be
 Association des Minouches ASBL Hastière, www.culturehastiere.be
 Cercle Etudes Charles de Gaulle ASBL Gesves, www.guide-genealogie.com
 Restaurant China BVBA Geel, restaurant-china-bvba.business.site
 Tempo Overijse VZW Overijse, www.tempo-overijse.be
 Centre de Services a la Distribution - Centrum voor Service aan de Distributie SA Beaumont, bizin.be
 Vitrerie Fox SA Bastogne, wallux.com
 Dieltjens en Zoon BVBA Beerse, www.dieltjensenzoon.be
 Pierre Cornu SPRL Antoing, www.societe.com
 Rewa Benelux in vereffening NV Brugge, www.acsac.eu
 Jeunesses Oleyen Reun c/o Legros ASBL Waremme, www.cepess.be
 Mazout Bouharmont SPRL Liège, www.mazout-liege.be
 Entreprises A. Gerard - Debrassine et Fils SA Seraing, gerarddebrassine.be
 Immo Luc en Néerlandais Immo Luc SPRL Bruxelles, www.lanno.be
 Profil SC Bruxelles, www.credal.be
 Construction Estate Development SA Bruxelles, www.eaglestone.be
 Tanzania Diamond Cutting Cie BUITENL.VEN Antwerpen, maxfosterglobal.com
 Oxfam-Magasins du Monde ASBL Wavre, www.oxfammagasinsdumonde.be
 Royal Marchin Sports ASBL Marchin, www.marchinsport.be
 Flor-Art BVBA Zaventem, florart.floralshop.be
 GMG Meat and Meals BVBA Sint-Truiden, gmgversmarkt.be
 Weverij Vandeputte NV Ingelmunster, www.vandeputtetextiles.eu
 Buchen Industrial Services SA Flémalle, www.buchen-group.be
 Association sportive Nothomb-Post ASBL Arlon, asnothomb.footeo.com
 Provinciaal Proefcentrum voor de Groenteteelt Oost- Vlaanderen VZW Kruishoutem, www.pcgroenteteelt.be
 Accueil ASBL Aubel, www.aubel.be
 Van Bruggen SA Wavre, www.van-bruggen.be
 Kuipers SA Bruxelles, www.kuipersandco.be
 Desmedt -Pharmacie SPRL Tournai, www.joriondesmet.be
 Vandendries BVBA Scherpenheuvel-Zichem, vandendriesbvba.weebly.com
 Garage Jan Lavrysen NV Laakdal, www.honda-lavrysen.be
 Houtland Meubelfabriek - Max Meubel NV Kortemark, www.maxmeubel.be
 Vandenborre BVBA Waregem, www.vandenborre.be
 Monsieur Adam SA Bruxelles, mradam.shoes
 Vlaams Instituut voor Sportbeheer en Recreatiebeleid VZW Sint-Niklaas, www.isbvzw.be
 B.V.B.A. De Volkslust PVBA Ranst, www.volkslust.be
 Beaute et Vie SPRL Bruxelles, www.nadine-salembier.com
 Meubles Havaux Willems SPRL Tubize, www.meubleswillems.com
 Mesarco PF Vandermest SPRL Boussu, www.pf-vandermest.be
 Opticable SA Frameries, www.nexans.be
 Chauffage Durieux SPRL Mons, www.chauffagedurieux.be
 Legufruits SPRL Liège, www.legu-fruits.be
 D I Elec S.Pers.R.L Bruxelles, www.researchgate.net
 Apoteek Rauw BVBA Mol, www.apotheekcobra.be
 Wijnhuis Henri Petre BVBA Lendelede, www.wijnenhenripetre.be
 Belimmo SA Bruxelles, www.immoweb.be
 Keukenstudie Zelck BVBA Beersel, www.zelck.be
 Herve Sports et Loisirs ASBL Herve, www.herve.be
 Centre d'Etudes Tibetaines ASBL Bruxelles, www.samye.be
 Detic ASBL Cosmétiques Produits de Nettoyage et d'Entretien Colles et Mastics ASBL Bruxelles, www.detic.be
 Le Centre Sportif et Culturel de la Commune de la Roche-en-Ardenne ASBL La-Roche-en-Ardenne, www.la-roche-en-ardenne.be
 Verheyden en C° BVBA Dendermonde, www.vhco.be
 Rhainotte SPRL Hamois, www.hamois.be
 MDI Spirit CV Middelkerke, ticcih.org
 Centrale de Coutellerie SPRL Gembloux, www.gembloux.be
 Luc Delanote BVBA Ieper, www.garage-delanote.be
 Cocquyt Antoine BVBA Lochristi, grondwerkencocquyt.be
 Wetrex NV Brugge, www.wetrex.be
 Entertainment Research Investment Corporation NV Brussel, www.researchpool.com
 Supermarkt V D in vereffening BVBA Zoersel, www.finactum.be
 Koninklijke Sporting F.C .Haren ASBL Bruxelles, www.kspfcharen.eu
 Etablissements Mourin et Compagnie SA Ath, mourin-cie.be
 Colson Louis et André SPRL Havelange, www.havelange.be
 Taxis Fabbrimone SPRL Waterloo, www.taxisfabbrimone.com
 Van den Berghe BVBA Beernem, www.vandenberghebvba.be
 Coördinatieburo R. De Brock In vereffening NV Brugge, www.notarishuis-leuven.be
 Keyser et fils SA Courcelles, www.recyclagekeysercourcelles.be
 Osnabrucker - Breeders - Service GmbH Eupen, www.ohg-genetic.de
 De Polderse Zaadhandel BVBA Stabroek, www.horta.org
 Gestion - Transactions - Immobilier - Assurances SA Bruxelles, carineconti.com
 Kantoor W. Peeters BVBA Zoersel, www.axabank.be
 Volleybalclub Zoersel VZW Zoersel, www.zoersel.be
 Société Immobilière Garo SA Bruxelles, www.nadimmo.be
 Association pour la Promotion des Editions en Faveur des Classes Moyennes ASBL Bruxelles, www.ucm.be
 JP Florimont-Art Transport SPRL Bruxelles, jpflorimont.com
 Optiek Van Eycken BVBA Boortmeerbeek, www.optiekvaneycken.be
 Frans De Vocht BVBA Rumst, www.de-vocht.be
 Mixhel Moulin SPRL Soumagne, www.moulinrenard.be
 Joye BVBA Heuvelland, www.joyetrec.be
 Sports et Loisirs - Villers-la-Ville ASBL Villers-la-Ville, www.villers-la-ville.be
 Gamma NV Hasselt, www.gamma.be
 International Communication and Electronic Market SPRL Liège, www.stepstone.be
 Entreprises Geers Frères SPRL Tournai, www.tournai-commerces.be
 ALMAFA SPRL Bruxelles, home.automobile.fr
 Le Centre de l'Audio-Visuel à Bruxelles ASBL Bruxelles, www.cbadoc.be
 Lapietra SPRL Vaux-sur-Sure, www.vaux-sur-sure.be
 Openbaar Slachthuis Oudekapelle BVBA Dixmude, www.febev.be
 Pauwels Engineering BVBA Antwerpen, www.pauwelsconsulting.com
 JUL WAUMANS BVBA Puurs, www.julwaumans.be
 Euro Projekt NV Brussel, www.europrojektbaby.eu
 Brandstoffen Vrancx BVBA Geraardsbergen, vrancxbe.webhosting.be
 Gustaaf Vangrunderbeeck BVBA Kortenberg, www.vangrunderbeeck.be
 Tennisclub St.Vith Vog ASBL Saint-Vith, www.tc-stvith.be
 Schrijnwerkerij Van de Weerd en Zoon PVBA Lier, www.van-de-weerd.be
 Prothèses Oculaires et Faciales SOC.CIV. SPRL Bruxelles, www.ocularistes.be
 Fintech-International SA Bruxelles, fintechbelgium.be
 Bureau d Etudes   Construction et Dessin SPRL Bruxelles, www.dessin-et-construction.eu
 Timi Upkot CVBA Gent, www.upkot.be
 Import-Export Cars Belgium SPRL Bruxelles, facargroup.com
 Design and Engineering B.V. NV Aarschot, allseas.com
 A.S.B.L. Arts Loisirs et Sports Bellefontaine ASBL Essen, www.tintigny.be
 Groupement Agricole d'Exploitation En Commun de Thimister SC Thimister-Clermont, www.volleythimister.be
 Centre Omnisports du Préau ASBL Bernissart, www.bernissart.be
 Radar SA Bruxelles, www.meteo.be
 Garage Hendrikx BVBA Neerpelt, garages.123autoservice.be
 Delgombe Jules & Fils SPRL Comblain-au-Pont, www.comblainaupont.be
 Verzekeringskantoor Nijsten NV Maasmechelen, www.nijsten.be
 Discofan Hi-Fi BVBA Kalmthout, www.hifiindy.com
 Bossuyt BVBA Menen, www.bossuytbvba.be
 Maaslandse Recreatiecentra VZW Kinrooi, toerismekinrooi.be
 Orgatech en liquidation SPRL Braine-l'Alleud, www.notairebarnich.be
 Gezel I BVBA Buggenhout, www.gezel.be
 US Ste Marie c/o Maillen Laurent ASBL Etalle, issuu.com
 Van Hoecke & Zoon Electriciteit PVBA Wetteren, www.woningbouwwetteren.be
 Haro BVBA Ranst, www.haroijs.be
 Apotheek J. Draulans BVBA Heusden-Zolder, www.aposite.be
 Agriporcs SC Faimes, www.infos-namur.be
 Beyaert Vloeren BVBA Zwevegem, www.beyaertvloeren.be
 HS Techonology NV Kontich, www.clearcust.com
 Moda Rigi NV Roeselare, www.rigi.be
 D'Haseleer NV Gent, www.dhaeseleer.be
 Asbel BVBA Oosterzele, www.asblbvba.be
 Flamand SA Mons, www.flamant.com
 De Sweemer Apotheek BVBA Gent, www.openinghours-shops.com
 Hifi Son SPRL Nivelles, hifisonnivelles.be
 Gentral Service BVBA Ranst, www.gscleaning.eu
 Constructiebedrijf Vranckx PVBA Kampenhout, www.groepvranckx.be
 Rooyackers BVBA Peer, www.rooyackers.be
 Van Driessche -De Caluwé BVBA Zele, store.total.be
 Royal Sporting Club Modave ASBL Modave, www.modave.be
 Action Sociale - Sociale Aktie ASBL Bruxelles, www.annuaire-horaire.be
 IBA Immo B.V. BVBA Westerlo, www.iba-boekhouding.be
 Van Den Bossche Tuinaanleg BVBA Bornem, tuinaannemer.be
 Keukens ter Doel PVBA Beveren-Waas, terdoel.be
 Konvert Adviezen BVBA Kortrijk, www.konvert.be
 H & T Meubels BVBA Diepenbeek, www.diepenbeek.be
 Pharmacie Rondelet SPRL Ouffet, www.ouffet.be
 J. and B. BVBA Bruxelles, restaurantjb.com
 Moteo Two Wheels Europe NV Kontich, www.alcomotive.com
 Kempisch Recyclagebedrijf NV Rijkevorsel, www.grl.be
 Comité des Fêtes de Pondrôme ASBL Beauraing, www.bonnescauses.be
 Houthandel Mollaert BVBA Aalst, www.mollaert.com
 Sonarg & Co SOC.CIV. SPRL Bruxelles, www.sonarg.com
 Grimbergen Sport VZW Grimbergen, www.grimbergen.be
 Stap Invest SA Brussel, carepropertyinvest.be
 Samerey Robert & Daniel SPRL Beauraing, www.beauraing.be
 Sissau - Immobilien NV Middelkerke, www.sissau.be
 Dierickx NV Zele, dierickxnv.be
 Ferme Coolsaet Wittouck SAGR Dour, www.info-hainaut.be
 Nervia Battery Center BVBA Brussel, www.hours.be
 Electro Messeyne BVBA Hooglede, www.electroservice.be
 Garage Vanhulle BVBA Izegem, www.citroenvanhulle.be
 Centrum voor Speelgoed en Volkskunde CVBA Mechelen, www.speelgoedmuseum.be
 Voetbalvereniging Achterbroek VZW Kalmthout, www.achterbroekvv.be
 Dubin B.T. PVBA Hasselt, www.denboogerd.be
 Pharmacie Bodard SPRL Marche-en-Famenne, www.marche.be
 Brood- en Banketbakkerij Devos BVBA Kortrijk, www.kortrijk.be
 Quai des Sons ASBL Bruxelles, auquai.blogspot.com
 Imprimerie-Papeterie Guillaume SPRL Charleroi, papeterie-guillaume.be
 Appeltants-Carmeliet BVBA Machelen, www.dela.be
 Centre Sportif-Culturel et Touristique de Houffalize ASBL Houffalize, citoyen.houffalize.be
 Voetbalclub Steenokkerzeel Vlug-Op VZW Steenokkerzeel, www.ksvo.be
 NC Company SA Liège, www.elysia-raytest.com
 Willemyns Syndic BVBA Knokke-Heist, www.dirkwillemyns.be
 Jorens BVBA Antwerpen, www.jorens.be
 Trevisan SPRL Boussu, www.eternit.be
 Ven(Voetbalverenigning) VZW Maaseik, www.venmaaseik.be
 Malmedy Tourisme SPRL Malmedy, www.voyages-feyen.be
 RCS Arsenal St-Josse ASBL Bruxelles, www.pernod-ricard.com
 Slagerij Detremmerie BVBA Kruishoutem, www.slagerijdetremmerie.be
 Ramast NV Kampenhout, ramast.be
 Electra VZW Gent, in-gent.be
 VDS PLASTICS BVBA Oud-Turnhout, www.vds-plastics.be
 Camping GT NV Balen, www.gtkeiheuvel.be
 Fabriferm SC Ohey, www.scribd.com
 Louis Vuitton Belgium SA Bruxelles, eu.louisvuitton.com
 Comapex SA Bruxelles, za.compexstore.com
 Honda Racing Corporation - Kabushiki Kaisha Honda Racing BUITENL.VEN Aalst, www.hondaracingcorporation.com
 Bakkerij Veron BVBA Antwerpen, bakkersonline.be
 Dewicke Johan BVBA Dixmude, www.pagesblanches.be
 Maes NV Dentergem, www.nvmaes.com
 American Jean's SPRL Bruxelles, www.burcorealestate.com
 Dairybert-Beniest SAGR Mont-Saint-Guibert, tislair-benoit-robert-m.avisdesentreprises.be
 Centre Sportif et Culturel de Saint-Léger ASBL Saint-Leger, www.saint-leger.be
 Agri-Sovet SC Ciney, agri-sovet-sc.bpagina.be
 Groenservice BVBA Hasselt, www.groenservicebvba.be
 Cotrans SCRIS Grâce-Hollogne, www.infos-liege.be
 Agrifamenne SA Onhaye, www.agri-activ.eu
 Nismes SPRL Couvin, www.lesartisantsduviroin.be
 Jacky Sport SC Liège, www.jacky.sport2000.fr
 Soft Development SA Bruxelles, www.arhs-group.com
 Tapilec SPRL Bruxelles, www.apilec.be
 Centre Provincial Liégeois des Productions Végétales et Maraîchères ASBL Waremme, www.provincedeliege.be
 L'Elan ASBL Herstal, www.aigs.be
 Delta SPRL Braine-l'Alleud, www.deltaproduction.be
 Vybo BVBA Antwerpen, www.vabo.eu
 Gema CV Evergem, boardgamegeek.com
 Parillada Argentina BVBA Antwerpen, www.parrillada-argentina.be
 Sporting Meensel VZW Tielt-Winge, www.kblvb.be
 Traiteur Adriaensen BVBA Antwerpen, www.kwaliteitsslager-adriaenssen.be
 Internat Scientific Communicat BUITENL.VEN Lier, w3.lnf.infn.it
 Chantiers Lurquin SPRL Thuin, www.thuin.be
 E.R. Meubelen NV Kasterlee, www.ermeubelen.be
 Aplus+ NV Turnhout, www.renta-plus.be
 Renault Motors Gembloux SPRL Gembloux, renaultmotors.be
 Zenne NV Halle, www.kanaalnaarcharleroi.be
 Leroy BEROEPSVER. De Panne, www.agenceleroy.be
 Limburgse KAASCENTRALE B CV Bocholt, www.hbvl.be
 Marcoen NV Aalst, www.stadsplannen.be
 jansegers P.&Partnrs Acc.en BelA B.V. BVBA Aalst, www.belagroup.nl
 Societe d'Etudes de Realisations et de Gestion SA Bruxelles, www.abo-consult.be
 Cobats SPRL Chastre, www.chastre.be
 Intersteel SPRL Waterloo, www.waterloo.be
 Outijardin SA Rixensart, www.outijardin.be
 Maison des Architectes de l'Association Royale des Architectes de Charleroi ASBL Charleroi, nsteels1.wixsite.com
 Gentse Neoncentrale PVBA Gent, www.gentsebandencentrale.be
 Circasol BVBA Koksijde, www.elektriciensgids.be
 Etablissements Van Lierop SPRL Sprimont, www.sprimont.be
 Bouwonderneming Hebbelinck BVBA Merelbeke, www.hebbelinckmarnic.be
 Teirlinck Textile SPRL Bruxelles, www.destockplus.com
 Menuiserie Mosane SC Liège, www.moury-construct.be
 Skytanking NV Zaventem, www.skytanking.com
 Motor Europe Cie SPRL Limbourg, www.toyota-europe.com
 Union Sportive Gelbressée ASBL Namur, votrecamp.be
 Marbel SPRL Bruxelles, www.atelier-coperta.com
 Juslenville - Attractions - Culture et Loisirs ASBL Theux, www.sitheux.be
 VIDELEC SA Leuze-en-Hainaut, www.videlec.be
 Herman Hofmans BVBA Ranst, www.kalfort.be
 Kempen Danielle Kalmthout, www.daniellekempen.com
 Somers Hubert Beveren-Waas, www.scholen-be.eu
 Verhelst Dirk Zwijndrecht, www.dirk.nl
 Boodts Werner Antwerpen, www.opelboodts.be
 Witters Renatus Rumst, www.wittersbvba.be
 Schrijvers Jan Hoogstraten, www.ingedachten.be
 Desoete Agnes Edegem, www.edegem.be
 Peeters Wilfried Kapellen, www.procyclingstats.com
 Vermeiren Ermina Antwerpen, www.vermeiren.com
 Dupont Didier Zaventem, www6.rennes.inra.fr
 Goudvis L Antwerpen, www.gva.be
 Wochenmarkt Judas Antwerpen, www.visitantwerpen.be
 Javeri Shailesh Antwerpen, qz.com
 Peleman Luc Wijnegem, www.publigids.be
 De Bleser Lodewijk Sint-Amands, www.wikitree.com
 Eeraerts Laurent Edmonda Maria Puurs, www.willebroek.info
 Mertens Emielienne Puurs, www.tonymertens.be
 Bredael Paul Willebroek, www.bredael.be
 Van LEEMPUTTEN Leemputten S Seger Boechout, www.boechout.be
 Van Apers Frans Lier, www.vanapers.be
 Debeul H Aartselaar, www.wittegids.be
 Wachters Bruno Boom, www.creabo.be
 De Backer Ludovicus HALLE, geneaknowhow.net
 De Vos Franciscus Nijlen, home.scarlet.be
 Hermans Maria echtg Dehansez V Antwerpen, www.phonebees.com
 M Delens - A B Verbeeck NV Bruxelles, www.agripress.nl
 Van Pelt Hugo Antwerpen, www.compostelagenootschap.be
 Camps Amandus Beringen, www.kantoorcamps.be
 Tubex Martha Herenthout, www.tubbax.be
 Puts Mathildis Kasterlee, www.ravels-weelde-poppel.be
 Van den Eynden Denis Olen, www.olen.be
 Carpentier André Geel, cr.chus.qc.ca
 Luyten S Geel, bernadette-luyten.be
 Verwimp J Geel, www.esat.kuleuven.be
 Govaerts Calixtus Geel, www.ziekenhuisgeel.be
 Van Looy Gustaaf Berlaar, www.openarch.nl
 De Winter Rumoldus Herenthout, nl.geneanet.org
 Van den Bogaert Josephus Lier, gw.geneanet.org
 Vermetten L Lier, www.ncbi.nlm.nih.gov
 Fierens J Boechout, directory.unamur.be
 Van den Ende Pieter Mechelen, www.genealogieonline.nl
 Huybregts Louis Turnhout, www.huybregts-reynders.be
 Vlaeminck André Beernem, vlaeminck-metaalbewerking.be
 Declercq E Oostkamp, www.whitepages.be
 Bultinck Anne-Marie Brugge, listings.findthecompany.com
 Degrande Marc Brugge, www.tegelsdegrande.be
 Degheldere W Brugge, www.biblio.com
 Van Belleghem Walter Oostkamp, www.garage-vanbelleghem.be
 Dekempe Werner Blankenberge, dekempe.miele-center.be
 Lievens Marie echtg Willems Jacq Brugge, www.erfgoedblog.be
 Boudens Pieter Brugge, www.handmadeinbrugge.be
 Ameloot F Brugge, moovitapp.com
 Dauwens Johan Brugge, dauwens.be
 Deloof P Damme, www.sciencedirect.com
 Deserranno Romain Brugge, www.deserranno.be
 Danneels Daniel Brugge, www.danneels.be
 Vandenabeele Géry Brugge, www.architect.be
 Detremmerie Willy Alidor Kortrijk, exploredoc.com
 Vandercruyssen Emiel Deerlijk, www.uitvaartvandercruyssen.be
 Desmet Carine Deerlijk, www.deerlijk.be
 Desmet Rony Wielsbeke, www.stoneconnections.be
 Chaerel Gerdy Alveringem, www.acd-serres.be
 Broucke Willy Veurne, www.milieuinfo.be
 Descamps Omer Langemark-Poelkapelle, www.westhoekverbeeldt.be
 Cappelle ANDRÉ Cappe André Langemark-Poelkapelle, publications.europa.eu
 Dejonckheere Michiel Zonnebeke, www.transfermarkt.co.uk
 Sticker Gilbert Vleteren, www.redbubble.com
 Verkarre Noël Lo-Reninge, www.myheritage.com
 Sap Eric Wingene, www.sap.com
 Vande Weghe Luc Izegem, 500px.com
 Jonckheere Frans Izegem, www.gebroedersjonckheere.be
 Jacques G Ledegem, www.autojacques.com
 Crevits Walt Kortrijk, www.standaard.be
 Bouttens Marie Roeselare, www.bouttens.be
 Kongolo M Kortrijk, www.dohop.is
 Terryn Frans Menen, www.menen.be
 Vanovertveldt Danny Kortrijk, www.vanovertveldt.eu
 Vanderheeren Norbert Kortrijk, www.vanderheerennico.be
 Steeland Marc Anzegem, www.anzegem.be
 Caby Zeno Zwevegem, www.caby.be
 Nottebaert Liliane Zwevegem, www.begrafenissenmessiaen.be
 Decock Antoon Wevelgem, www.antoondecock.be
 Dewulf J Menen, firstcycling.com
 Dewulf D Wervik, redpuentes.org
 Herman Paul & Maria FV Wevelgem, www.universiteitleiden.nl
 Deleye Walter Wervik, www.theverge.com
 Geeraert Marc Brugge, www.ha-kwarts.be
 Billiet Diane Oostende, apotheekoostende.be
 De Jonghe Etienne Middelkerke, mariodeclerck.skynetblogs.be
 De Vloo Willy Veurne, www.de-vloo.be
 Brusselle G Oudenburg, www.goeuro.com
 Keirsebilck Patrick François Oostende, faculty.arts.ubc.ca
 Macharis Rita Erpe-Mere, www.nieuwsblad.be
 De Brabandere Frans Hooglede, delindehoevestables.be
 Sioen Marc Zonnebeke, homepages.vub.ac.be
 Maertens R Staden, www.drmartens.com
 Vercaigne Christel Moorslede, www.vercaigne.be
 Vandemoortele Gilbrecht Roeselare, www.vandemoortele.com
 Lammertyn Jack Ledegem, messagent.vummail.be
 Lannoo E Ruiselede, www.lamo.be
 Ampe Joseph Pittem, www.instantcheckmate.com
 Lafaut A Pittem, dvfresh.eu
 Wolfcarius Gilbert J M Dentergem, www.wolfcariusfruit.be
 Vanderheeren Johan Oostrozebeke, www.thuiszorgzakboekje.be
 De Brabandere Lieven Roeselare, www.brabandere.com
 Ally Maddy echtg Vrielinck Tielt, biz1.be
 Allegaert Robert Lichtervelde, www.lewage.be
 Coudenys J Zedelgem, www.coudenys.be
 De Muynck Marcel Lichtervelde, lichtervelde.bedrijvenalle.com
 Ghesquiere Jean Oudenburg, www.cityplug.be
 Withof J Menen, www.qualiet.com
 Witdouck Johan Waregem, www.slagerijwitdouck.be
 Vanden Broecke Luc Waregem, www.imdb.com
 Ferraton Alain Bruxelles, www.ferraton.be
 Hankard J Brussel, en.geneanet.org
 Marcelis Bernard Bruxelles, www.artsplastiques.cfwb.be
 Devis Michel Bruxelles, www.micheldevis.be
 Doucé Michel Bruxelles, be.viadeo.com
 Akhtar Mohammad Bruxelles, eur-lex.europa.eu
 Mendicino Francesco Bruxelles, keyejasts.tk
 Sasaoka-Saito Brussel, weekend.levif.be
 Schoonjans Marcel Bruxelles, www.cycloclubmarcel.be
 Dumont Robert Genappe, www.certiphiers.com
 Vandebotermet Laure Waterloo, www.wlu.ca
 De Ryck Diana Tremelo, www.deryckbrewery.be
 Dierick Willy Bruxelles, www.lesoir.be
 Cornelis Victor M E Brussel, student.vub.ac.be
 Christou Stylianos Bruxelles, www.ecs.soton.ac.uk
 Jacobs Antoine José Bruxelles, www.pinterest.com
 Joor C Sint-Pieters-Leeuw, www.yr.no
 Speeckaert Eric Brussel, ilab.org
 Coppens Christian Bruxelles, defi.eu
 Linier Christian Dilbeek, www.allaboutworldview.org
 Farkas Eva Braine-l'Alleud, www.w-mc.be
 Cornet Jean-Paul Overijse, www.gettyimages.co.uk
 Adolphy Robert Wavre, copainsdavant.linternaute.com
 Close D & Moreau N UNION PROF. Bruxelles, www.bradleymoreau.com
 Lacroix Philippe Clavier, il-di.com
 Hacquin Xavier M. Wezembeek-Oppem, jure.juridat.just.fgov.be
 Pilgrim Guy Valentin Merchtem, www.lingerie-valentijn.be
 Hofman André Brussel, www.inovalon.com
 Khalifa Abdeslam Bruxelles, www.dailymotion.com
 De Francquen A-De Francquen Ph UNION PROF. Bruxelles, www.law.kuleuven.be
 Symulak Gerard Bruxelles, www.symulak.be
 Gilson Liliane Bruxelles, www.gilsononline.be
 Sans J Bruxelles, bruxelles-j.be
 Huibers Achille Hamont-Achel, www.metaalwerkenhuibers.be
 Moesen Jan Bree, jan.moesen.nu
 Vandewaerde Petrus Bocholt, onstrees.bplaced.net
 Vandeweyer Franciscus Peer, bioinformatics.psb.ugent.be
 Hesius Henricus Peer, www.geneapage.be
 Verheyen Hubert Maaseik, kontakt-1.dastelefonbuch.de
 Vandeberg Guillaume Maaseik, www.vandebergco.be
 Meewis Jan Bree, www.eefmeewis.com
 Albert Willy Gooik, megaman.wikia.com
 Walravens V Gooik, www.walraven.com
 Van Loo Yves & Sanders Maria BEROEPSVER. Asse, www.zamangroep.be
 Fabre Patrick Ath, www.patrickfabre.com
 Lemmens Felix Diest, www.goudvisjediest.be
 Morren Jozef Halen, www.morren.be
 Peeters Josse en Jan BEROEPSVER. Huldenberg, www.dagvandelandbouw.be
 Roskams G Herent, www.tagliatel.be
 Lenaerts Jos Kapellen, christophebruyneel.be
 Jans Rita Filomina Borgloon, heemkundeherent.be
 De WIT Wit Emmanuel Mechelen, www.dewit.be
 Van Cauwenbergh Adrien Vilvoorde, www.vancauwenbergh.eu
 Cauwenberghs René Kapelle-op-den-Bos, www.kerknet.be
 Esselens Michel Opwijk, www.multigas.be
 Deboeck Emiel-Lamberts BEROEPSVER. Londerzeel, upers.kuleuven.be
 Van Goidsenhoven Guy Londerzeel, www.legacy.com
 Tastenhoye Lucien Overijse, www.tastenhoye.eu
 Kunnen Marc Hoeilaart, www.ugentmemorialis.be
 Selvais Willy Huldenberg, www.wille-wille.be
 Broeckhove Julienne Wichelen, users.skynet.be
 Van Hauwermeiren Maria Lede, www.vanderputten.be
 Redant Lucien Wichelen, www.redant.be
 Töpke Hubert Lede, www.hubert.topke.be
 De Jonge Herman Ninove, www.royalhaskoningdhv.com
 Coppens Boudewyn Denderleeuw, www.denderleeuw.be
 Arijs Cécile Aalst, samdamretail.be
 Van Steenkiste Alberic Deinze, www.delcampe.be
 Buyse G Aalter, www.buysemetalworksgroup.be
 Dierick Willy Deinze, www.rouwcentrumvandekerckhove.be
 Verwilst E Deinze, www.landvannevele.com
 De Jans Marie Mettet, www.trouvetonresto.be
 Ketels Marie & Arnold FV Waasmunster, www.arnoldcv.be
 Vlassenroot D Hamme, www.geni.com
 Vermeir Jozefa Dendermonde, www.compost-vermeir.be
 Van Assche Guillaume Buggenhout, www.vogue.com
 Bruyninckx Fernand Sint-Laureins, www.tuincenterbruyninckx.be
 Lievens Paul Eeklo, www.citroenlievens.be
 Poppe Ivan & Christiaan BEROEPSVER. Eeklo, connect.thesixfigurementors.com
 De Corte Willy Gustaaf Merelbeke, docplayer.nl
 Keymeulen Paul Oudenaarde, www.korrektafisk.be
 Vanhoucke Johan Moorslede, vanhoucke.engineering
 Iedereen Leest VZW Antwerpen, www.iedereenleest.be
 LODOS BVBA Genk, lodos.be
 Immo F.R. SA Bruxelles, om-immo.be
 Algemeen Ziekenhuis Diest VZW Diest, www.azdiest.be
 Orthodontie DIRK Havermans L.T EBVBA Diest, www.orthodontics.be
 J for S BVBA Brugge, ikwilstarten.be
 Kurica NV Brussel, www.tiesbemelmans.be
 Schietse Jean Brunehaut, www.brunehaut.be
 Landwaarts Sociaal Woonkrediet NV Genk, www.desocialekaart.be
 Societe de Caution Mutuelle du Centre SCRL Chapelle-lez-Herlaimont, www.socamut.be
 Immobiliere du Bois Sauvage SA Bruxelles, www.bois-sauvage.be
 Opplant BVBA Opwijk, www.floraxchange.nl
 Wauquier DANIEL Wauqui Daniel Jurbise, www.daniel-wauquier.fr
 Deconinck Andréa Oostkamp, www.middenschoolsint-pieter.be
 Crovatto Pol Fontaine-l'Evêque, www.crovattoandedwards.com
 Grégoire Michel André Yvoir, www.e-entreprises.be
 Poncelet Denis Libin, www.gepea.fr
 Metro Credits Belgium SPRL Bruxelles, www.belgium.be
 Télé Ticket Service VZW Antwerpen, www.teleticketservice.com
 Asahi Kasei Bioprocess Europe SA Bruxelles, www.ak-bio.com
 Weksler Philippe Bruxelles, nodily.com
 Plaatselijke Werkontwikkelingsmaatschappij Vilvoorde - Sociale Werkplaats VZW Vilvoorde, www.vilvoorde.be
 Passiefhuis-Platform VZW Antwerpen, pixii.be
 Blue Tomato International SOC. ETRANGERE Bruxelles, www.blue-tomato.com
 Ernst&Young Represen=Glencore EN NV Machelen, dnb.alacrastore.com
 L'Eveil des 5 Sens SA Bruxelles, www.domainedes5sens.com
 International Business Office SPRL Tournai, www.glassglobal.com
 Global Rubber SA Bruxelles, www.gritires.com
 KRC Travel SPRL Bruxelles, www.finance.brussels
 Global Transformation & Renovation SPRL Bruxelles, globaltransformation.com
 Sandbouw BVBA Heist-op-den-Berg, www.inforegio.be
 Motivation NV Geraardsbergen, www.recticel.com
 Droogkuis Shop 96 BVBA Mechelen, www.droogkuisshop96.be
 Ribbens Farm en Truck BVBA Wuustwezel, ribbens-farm-truck.be
 Pieck-Wiluda CVA Lubbeek, www.reddit.com
 Bakkerij Maris BVBA Hasselt, bakkerijmaris.be
 Projectbouw Verelst NV Ham, www.verelst.be
 Eurocar SCRL Charleroi, www.europcar.com
 Pecq Management Systems SA Ath, engagesmis.co.za
 Cabinet de Radiologie Saint-Remi SPRL Bruxelles, www.radiologie-saint-remi-reims.fr
 Zheng-Xu SPRL Mouscron, www.gedcouncil.org
 Optimol Tribotechnik SA Bruxelles, optimol-lubrication.com
 G & L BVBA Balen, www.s-l.co.rs
 Au Quart de Poil SPRL Thimister-Clermont, www.thimister-clermont.be
 Gestion et Manutention de Parfums et Cosmétiques SA Bruxelles, www.studyrama.com
 Services Aux Loteries en Europe SCRL Bruxelles, www.european-lotteries.org
 Business Unlimited Engineering Sprimont, www.unlimitedengineering.com
 STROOBANTS Gert BVBA Herent, www.dakwerkenstroobants.be
 Uitvaartverzorging Hansen BVBA Geetbets, hansenbvba.be
 Dafra Phrma Research & Development BVBA Turnhout, www.phrmafoundation.org
 Apex. SPRL Rixensart, www.apexchauffage.be
 Mastrolilli Maria Drogenbos, www.ipi.be
 Cardoso-Esteves Alda Herstal, sintse.tse.jus.br
 Tours De Force p/a M. Doyen CVBA Dilbeek, www.tourdeforceuk.com
 Vandecandelaere Jurgen Staden, www.havecon.com
 Van Staeyen Paul Constant Antwerpen, www.lecho.be
 Solimando Michel Dour, pokerdb.thehendonmob.com
 Michel Gilbert Georges Beyne-Heusay, www.docteur-gilbert-george.be
 Lazar Ion Arlon, cargoagent.net
 Broli Domenica Braine-l'Alleud, www.trainline.eu
 Ramon SPRL Comines-Warneton, www.villedecomines-warneton.be
 T'Jampens EBVBA Nazareth, www.tjampensbouw.be
 Dr. Mark Peeters EBVBA Kortessem, pragueonco.cz
 Boulangerie Patisserie de la Lasne SPRL Lasne, www.3colonnes.be
 Dr Titeca huisarts EBVBA Anzegem, www.huisartsenpraktijkklokketuin.be
 Velghe Samuel Vincent Antwerpen, martin-mystery.wikia.com
 P. Famaey en Partners : European Sponsoring Services Consultants SPRLU Bruxelles, www.thesponsorshipconsultants.com
 Service d'Anesthesiologie SC Brussel, www.hopitalduvalais.ch
 Bomans Walthère Aalst, www.springer.com
 Cabinet Dentaire Verbist SPRL Bruxelles, www.kamdentaire.be
 Residence Marie-Astrid NV Menen, www.derusthuizen.be
 Eurimmo SA Bruxelles, gie-interiors.com
 De Belder Luc Spa, www.allaboutfeed.net
 Hengeler Mueller ASS. DE FAIT Bruxelles, www.hengeler.com
 Zuidwest BEROEPSVER. Kortrijk, www.erfgoedzuidwest.be
 Garage Maes J.F.I. EBVBA Antwerpen, web.jfmaes.be
 Les Thiers SPRL Stavelot, www.pagesjaunes.fr
 Accountants & Tax Associates International BVBA Antwerpen, www.ata.be
 Thuisverpleging Godelieve Tierens B.V. BVBA Dendermonde, www.thuisverplegingdendermonde.be
 Tandarts Van Cauwelaert EBVBA Lanaken, tandartsvancauwelaert.be
 Dierenartsenpraktijk Vandevelde CVOHA Damme, dierenartsenvandevelde.be
 Apers I. BVBA Dendermonde, bouwwerken-apers.be
 Fleurs Daniels SPRL Charleroi, www.regiobloemist.be
 Vecatex NV Waregem, www.vetex.eu
 Sealect VZW Gent, www.gent-hotels.eu
 Louise Optic SA Bruxelles, www.opticvision.be
 Astra SC Bruxelles, www.opel.ie
 Dr. Carly SPRLU Fleurus, www.santevitalite.be
 Ettik SPRLU Bruxelles, www.ettik.be
 Pharmacie De Goeij SPRL Geer, www.geer.be
 Verzekeringen Deltour BVBA Hooglede, www.kbcagent.be
 Dokter Ann Stuer B.V. BVBA Roeselare, www.azdelta.be
 Gyneka SPRLU Bruxelles, home.mobile.de
 Carrelages Piras SPRL Fleurus, www.inter-ceram.be
 Notaris Rudy DERDIN B.V. BVBA Mol, www.notaris.be
 Francois Patriarche et Co. SPRL Mont-Saint-Guibert, www.mont-saint-guibert.be
 Broes J. BVBA Sint-Katelijne-Waver, www.broesj-bvba.be
 Etienne Roland SPRL Fernelmont, dulongetdule.be
 Stock Américain Brico SA Frameries, stock-americain-brico.be
 C.K.L. NV Sint-Martens-Latem, www.ginsonline.be
 H.M. Catering Equipement SA Bruxelles, www.hmfroid.be
 Bureau de Gestion de la Salm Vielsalm, www.recordbank.be
 Oogartsen Associatie CVBA Antwerpen, www.oogartsenassociatiegenk.be
 Johan De Cuman & Debbie Hebbelinck geassocieerde notarissen EBVBA Kortemark, www.notariaatdecumanhebbelinck.be
 Luc Vanneste EBVBA Wevelgem, www.mediwacht.be
 Van Daele Ignace BVBA Kruishoutem, www.vandaelemechaniek.be
 medisim SPRLU Bruxelles, paservices-group.com
 Eurocare EBVBA Brussel, www.eurocare-medicalcenter.com
 Apoteek Willems NV Zandhoven, apotheekwillems.com
 Lomba J. Transport SPRL Engis, www.adlengis.be
 Aktiefinvest CV Leuven, www.aktiefinvest.be
 Gebroeders Van Roie Tuincenter BVBA Herselt, www.tuincentervanroie.be
 Cabinet Heekhout kinesitherapeutes SPRLU Braine-l'Alleud, allokine.be
 Depuyt Filip EBVBA Zottegem, www.sezz.be
 International Ties Company SPRL Bruxelles, www.eanam.org
 Pierre d'Argent SPRL Bruxelles, www.edx.org
 Centre des Gardes-Malades Brevetés de Belgique en liquidation SCRL Bruxelles, gammesasbl.be
 Leemans Glenn Rumst, www.transfermarkt.rs
 Contemporary Business Services CVBA Mechelen, www.cbsjax.com
 Charlier J-P SPRL Limbourg, www.limbourg-commerces.be
 Docteur Vanden Broecke SPRL Braine-l'Alleud, www.epicura.be
 Conseil Europeen de Certification Logistique - European Certification Board for Logistics ORG.INTERNAT Bruxelles, www.coe.int
 Cardiology Medical Center SPRL Bruxelles, www.cme-uccle.be
 Geldhof BVBA Izegem, www.bvba-geldhof.be
 Bruvo NV Kalmthout, www.bruvo.be
 Cabinet Medical Dr. Dufour SPRLU Bruxelles, www.fr.docvadis.be
 Bureau Eric Maes SPRLU Bruxelles, www.lap.be
 Michel de Kerchove SAGR Gembloux, www.amazon.com
 Immo Groen NV Kapellen, www.openbaargroen.be
 D'Jean d'Jean SA Chapelle-lez-Herlaimont, chapelle-lez-herlaimont.blogs.sudinfo.be
 Fluva NV Overijse, www.laroygroup.com
 Dokter Vanmoerkerke Ignace EBVBA Hasselt, www.jessazh.be
 Medisch Kabinet Dr. Duron Chris Dermatoloog EBVBA Grimbergen, dermatoloogduron.be
 Renobat Rafalo SPRL Bruxelles, renobat-rafalo-sprl.bpagina.be
 Bootsmannen CVBA Damme, www.apzi.be
 S Builds SPRL Bruxelles, admos-group.com
 Parochiecentr Gestel p/a Lemmens BEROEPSVER. Meerhout, pure.uvt.nl
 Kama Motor SA Eigenbrakel, www.alibaba.com
 Peeters Paul Turnhout, www.kleinhandelaars.be
 Malhomme et Ferauge Architectes SOC.CIV. SPRL Grez-Doiceau, www.cerau.be
 Christeph SA Bruxelles, www.amazon.fr
 Mije SPRLU Bruxelles, www.zoominfo.com
 Pardon Evi J. Lubbeek, www.landen.be
 De Cat E. EBVBA Heist-op-den-Berg, www.vandenvonder-decat.be
 Lamotte Françoise Gedinne, nextbillion.net
 Eigen Heerd Is Goud Weerd NV Gent, sociaal-woonkrediet.be
 Xerius Ondernemingsloket ASBL Bruxelles, www.xerius.be
 Franck Alexis Bruxelles, cecas.clemson.edu
 Extensa Development SA Bruxelles, www.extensa.eu
 Beco J. gynecologue SPRLU Aubel, www.chc.be
 Stukadoorswerken De Sutter BVBA Dixmude, www.desutter-naturally.com
 Onlineart SCRL Brussels, onlineart.info
 Van Innis Francois Notaris EBVBA Zingem, www.notarisvaninnis.be
 Wiga NV Heuvelland, www.bbc.com
 International Italian Style SPRL Bruxelles, www.brusselslife.be
 Business Advice CV Oostende, www.bmmagazine.co.uk
 Diamond International Belgium EBVBA Antwerpen, www.diamondsinternational.be
 Royal Souvenirs SPRL Bruxelles, www.royalcollectionshop.co.uk
 Van Tomme Laurent Quévy, www.quevy.be
 Lambert Henri Beauraing, www.crunchbase.com
 Fiver & Dover BVBA Opglabbeek, www.dover.be
 L.M.B. Electro SC Chaumont-Gistoux, www.lmbelectro.be
 Sefra Immo SPRL Héron, www.immotop.lu
 Residentia Park SA Bruxelles, www.sa-parks.com.au
 Agrimab BVBA Agr BVBA Sint-Gillis-Waas, schoenmaekers-boomschors.be
 Sud Assistance SPRL Hotton, www.sudassistance.be
 Royal Tapis Decoration SC Namur, www.royal-tapis.be
 Kasteel Meerlaer NV Laakdal, www.filetpuur.be
 Delhaye Axelle Bruxelles, axelledelhaye.com
 Loïx Guy Bilzen, www.biv.be
 Rosseel Yves Nieuwpoort, users.ugent.be
 G M  Finances SPRL Limbourg, www.gmfinances.be
 Schepens Eric en Erwin NV Lokeren, www.ecobouwers.be
 Van Gorp Bart Geel, www.dakwerkenvangorp.be
 Gryma BVBA Ledegem, www.bvba-gryma.be
 Fontaine Vincent Houffalize, www.coeurdelardenne.be
 Minez Christophe Dour, www.doctolib.fr
 Ass Mom B.P.C SA -Louis De Waele ASS. MOMENTANEE Bruxelles, opencorporates.com
 L.A.G. VZW Antwerpen, www.exchangevzw.be
 Hesbymat SA Verlaine, hesbymat.be
 Intergest=August Mainka SPRL Bruxelles, www.intergest.be
 Kyriakidis David Comines-Warneton, david-kyriakidis.com
 andres Marcel & Weber Susanne Bullange, ritasa.blogas.lt
 Garcia Eric Bastogne, ratings.fide.com
 Link'd Up BVBA Schoten, www.sobotashop.rs
 Beenhouwerij Traiteur Debusscher-Depeser in vereffening BVBA Brussel, www.patricksbeenhouwerij.nl
 Chirurgie Orthopedie Traumatologie Arthroscopie SOC.CIV. SPRL Namur, www.slbo.be
 Venzus CVA Waregem, www.uwmedicine.org
 Commodity Centre Belgium NV Antwerpen, www.commoditycentre.com
 Question Marc Belgium CV Olen, uptowork.com
 K.G. Consult CVBA Brugge, www.bcca.be
 Exmar Shipping B.V. BVBA Antwerpen, exmar.be
 Les Comptoirs de l'Algarve SC Bruxelles, www.ptnet.be
 European Petroleum Refiners Association AISBL Brussels, www.fuelseurope.eu
 Dokter D. Van den Broecke Gynaecologie EBVBA Gent, www.gynaecologiegent.be
 Conte Joel ASS. DE FAIT Bruxelles, europoesie.centerblog.net
 Air Auto SPRL Bruxelles, transport-belgique.com
 Devektro BVBA Veurne, www.devektro.be
 Une Nouvelle Idee Wow SA Bruxelles, www.bilan.ch
 Jones Lang Lasalle Services SA Bruxelles, www.jll.rs
 Medicever SPRLU Bruxelles, www.medicover.com
 Groepspraktijk dokter Baeyens B.V. BVBA Zandhoven, websites.mijndokter.be
 Daniel Dessard Avocat SPRLU Chaudfontaine, dessard.be
 Kenidi NV Zemst, www.kenidi.be
 Cabinet Medical Montois SPRL Dour, www.saintjeandemonts.fr
 De Teunisbloem BVBA Koksijde, teunisbloem.com
 Maison Debry SPRL Jemeppe-sur-Sambre, entreprisedebry.be
 Etablissements Fromont SPRL Charleroi, machinesacoudrecharleroi.be
 Jan Van Acker EBVBA Dixmude, research.flw.ugent.be
 Fun Antwerpen NV Brugge, www.fun.be
 Rijnten Johan Kampenhout, uitslagen.nl
 Macovak BVBA Lint, www.macovak.be
 Bijnens Jos BVBA Genk, www.bijnensjos.be
 Leo Peeters Mechelen NV Mechelen, www.leopeeters.be
 Vebeco SPRL Bruxelles, www.bemers.be
 Disoff SA Comines-Warneton, www.onlinecompanies.com
 Moes Jean-Philippe Berloz, www.berloz.be
 Liu Yansheng Soumagne, medicine.yale.edu
 Beva BVBA Olen, www.bevabvba.be
 Aigle SOC.CIV. SCRL Bruxelles, fr.cybo.com
 Donfut BENOÎT Donf Benoît Mons, www.cairn.info
 Coppe Bruno Namur, www.psycholoog.be
 Micro Channel Hardware Services SPRL Bruxelles, www.mch.be
 Bureau d'Affaires Bougelet et Compagnie Zakenkantoor SPRL Bruxelles, www.salespider.com
 Champs et Jardins SPRL Soignies, www.ltjardins.be
 Regie Communale Autonome De Charleroi Instn Mncpl Charleroi, www.charleroi.be
 Vandemoere Maxim Maldegem, www.screen-contact.be
 Sanders Dirk Kalmthout, www.keurslager.be
 Kregspedi=Kreglinger Wine Estate NV Antwerpen, www.kreglingerwineestates.com
 De Somviele Gunther Evergem, www.bloemen-desomviele.be
 Institutional Shareholder Services Europe SA Bruxelles, www.issgovernance.com
 Lezzarco SPRL Bruxelles, www.fritmap.com
 Piabo SPRL Brussel, www.maene.be
 Ferme Renser SA Hannut, www.fermedelange.be
 Van de Sande & Dupont SOC.CIV. SPRL Waimes, www.waimes.be
 Societe Royale Belge De Rhumatologie Koninklijke Belgische Vereniging voor Reumatologie ASBL Bruxelles, www.srbr.be
 Kantoor De Neve - Van Landschoot BVBA Maldegem, www.dnvl.be
 Dr. Vrijdag Marc EBVBA Londerzeel, www.doktervrijdag.be
 Tuinwerken Hans De Temmerman BVBA Laakdal, www.tuinwerkenhansdetemmerman.be
 Taels Mannes Geel, www.oumeulteater.co.za
 Maalderij Michiels BVBA Aalst, maalderij-michiels.be
 Elzendamme Pauwelyn LV Vleteren, farmsubsidy.openspending.org
 Centre d'Imagerie et de Radiologie Medicale SPRLU Bruxelles, www.cpr-imagerie.be
 B.S.T. 7 SPRL Bruxelles, www.btmt.eu
 Intermutualistisch Agentschap ASBL Bruxelles, www.ima-aim.be
 Belfius Equities SICAV (dr.Belg.) Bruxelles, www.candriam.fr
 DPAM Invest B SICAV (dr.Belg.) Bruxelles, funds.degroofpetercam.com
 Notariskantoor Thierry Velghe EBVBA Maasmechelen, www.notaris-velghe.be
 COT Brugge, www.visitbruges.be
 Wibri.Be BVBA Lanaken, www.wibri.be
 Cofinpar SA Namur, www.cofinpar.eu
 Faitah Hassan Bruxelles, www.iaaf.org
 Landbouwven. Jomalu-Vantyghem LV Kortemark, www.landbouwleven.be
 Arvanitis KOULA Arvani Koula Liège, pictoram.com
 Vanwynsberghe Stéphanie Ferme du Berceau SAGR Beloeil, www.chezvotrehote.fr
 A.D.S. SA Waremme, www.delhaize.be
 Proms NV Rotselaar, www.rotselaar.be
 Imcoma SOC.CIV. SA Verviers, www.imcoma.com
 Vanaelst Katrijn Brugge, www.katrijnvanaelst.be
 Van Eyken Monique Emma Bonheiden, www.apart-bemiddelen-coachen.be
 Uitvaartverzorging Vanquickenborne BVBA Wortegem-Petegem, www.uitvaart-vanquickenborne.be
 Nemadeco NV Ne NV Oostkamp, avisdesentreprises.be
 Kaeksmetehoeve EBVBA Gent, www.bouwenwonen.net
 Decouvreur Christian Walcourt, www.hamqth.com
 Transportondern Freddy Matthys NV Knesselare, attachments.infoisinfo.com.s3.amazonaws.com
 Strubbe Marc Maldegem, www.brouwerij-strubbe.be
 Centre Sportif de l'Entité de Fosses-la-Ville ASBL Fosses-la-Ville, www.fosses-la-ville.be
 Vat House Services=Axpo Vertrieb NV Grimbergen, www.vathouseservices.com
 De Block Martine Berlare, www.voetmagazine.be
 Beckers NV B NV Beringen, www.beckersnv.be
 Restaurant chez Rino SPRL Braine-l'Alleud, www.chezrino.be
 Marc Smets BVBA Oud-Turnhout, www.tuincentrumoverzicht.be
 Transform-It SPRL Bruxelles, job-openings.monster.be
 Nabuurs Westerlo NV Westerlo, www.nabuurs.eu
 Regionaal Bureau voor Krediet en Beleggingen CV Lochristi, www.libertasinvestments.nl
 Dr. Van Royen C. EBVBA Kontich, www.posaljirecept.rs
 Schoubs Ivo BVBA Tongeren, www.ivoschoubs.be
 Spoorwerken Peeters NV Heist-op-den-Berg, www.vanormelingen-stas.be
 Restaurant Tichoux et fils SPRL Braine-l'Alleud, www.tichoux.be
 Xu - Qiu SA Limbourg, www.deezer.com
 Defat M-C SPRLU Meix-Devant-Virton, www.meix-devant-virton.be
 Menuiserie Boulanger SPRL Theux, www.theux.be
 Dr U Segaert B.V. BVBA Oud-Heverlee, www.huisartsentkleenveld.be
 F M D C SPRL Bruxelles, www.duotecno.be
 Docteur Marina Carbone SOC.CIV. SPRL Charleroi, www.fagc.be
 Vleeswaren De Baets BVBA Evergem, vleeswarendebaets.wordpress.com
 De Peppers BVBA Haacht, www.depeppers.be
 Ivory SPRL Grez-Doiceau, www.grez-doiceau.be
 Corinne Dupont Notaire SPRLU Bruxelles, www.notaire.be
 Immobiliers - Prets - Assurances SCRL/P Hamoir, www.jempruntejassure.com
 City Games SPRL Bruxelles, www.sterkmansevents.eu
 N.L Plant VOF Hamme, www.deheynhamme.be
 Liv Services SPRL Bruxelles, deliveroo.be
 Paulus Vincent Pneus SPRL Andenne, www.pneus-paulus.be
 Garage Moons BVBA Beringen, www.garagemoons.be
 In-Huis BVBA Aartselaar, inhuisplaza.nl
 Christophe Taquin - avocat SOC.CIV. SPRL Mons, www.ctaquin.be
 Donation Royale - Koninklijke Schenking Etabl. Public Brussel, www.lachambre.be
 Waterloo Gardens SPRL Waterloo, www.specialiste-motoculture.be
 Eldemar PVBA Zele, netdir.be
 a Kwadraat PVBA Gent, www.akwadraat.be
 De Meyer-De Moor BVBA Wetteren, dmdm.be
 Eurofim NV Zottegem, www.immokantorenoverzicht.be
 Verkooijen Transport Meerle NV Hoogstraten, verkooijen.be
 Entreprises Jean Debernardi SPRL Bruxelles, www.parliament-of-enterprises.eu
 Immobiliere Robin SA Bruxelles, www.davidrobin.be
 Transports et Sabliï¿½re Heremans SA Incourt, www.hoslet.be
 Transport Vanschoonbeek NV Landen, www.transportvanschoonbeek.be
 Braet Maurice en Kinderen PVBA Assenede, www.beforeyougo.be
 Dobbelaere gebroeders BVBA Kaprijke, dobbelaere-transport.be
 Carriï¿½res de Silex SA Fernelmont, www.cstc.be
 Etablissements Delcroix SPRL Soignies, www.noschauffagistes.be
 Garage Anglo Belge SA Lessines, www.starofservice.be
 Yprabus SA Comines-Warneton, yprabus-sa.avisdesentreprises.be
 Transport Ingels Julien BVBA Maldegem, www.transportingels.be
 Meunerie Bernar SPRL Orp-Jauche, meunerie-bernar-sprl.avisdesentreprises.be
 Bourlet SPRL Chï¿½telet, www.electrobourlet.be
 Electricitï¿½ - Automatisme - Informatique SA Charleroi, www.buildyourhome.be
 Etablissements Landresse SPRL Bruxelles, landresse-ets-sprl.bpagina.be
 Pharmaciinte-Marie SA Bruxelles, www.rtbf.be
 Georges Devis et fils SA Bruxelles, www.entreprise-construction-renovation.be
 Entreprises Gï¿½nï¿½rales de Plafonnage et Cimentage Joseph Vitrier et Fils SPRL Bruxelles, werk-economie-emploi.brussels
 Thalie SPRL Bruxelles, thalie-sprl.avisdesentreprises.be
 Ets Heyligen SPRL Visï¿½, www.heyligen.com
 Comaprex SA Namur, comaprex-sa.bpagina.be
 L.M.S. SA Hannut, www.lastmanstands.com
 Woluwï¿½ Pneus SPRL Bruxelles, www.pneus-online-belgique.be
 Arteaga A. SPRL Bruxelles, arteaga-a-sprl.avisdesentreprises.be
 Gustave Adam SA Bruxelles, leondampierredieudonne.wordpress.com
 Etablissements M. Closon SPRL Bruxelles, www.pierrecloson.be
 Plexo SA Bruxelles, www.plexocali.com
 Huis Vanderhoeven S.Pers.R.L Brussel, www.huisvanderhoeven.be
 Association Royale des Meuniers Belges Etabl. Public Brussel, www.fevia.be
 Sociï¿½tï¿½ Pharmaceutique Belge SA Bruxelles, www.sanofi.be
 La Maï¿½trise NV Hasselt, www.commart.eu
 Syllab SA Gembloux, www.actionnariatwallon.be
 Les Pompes Goffinet SA Bruxelles, www.pf-goffinet.be
 Brussels Shipping Cy SPRL Bruxelles, www.smet.biz
 L'Union Haccourtoise SC Oupeye, rac-vaux.footeo.com
 W B R SPRL Soumagne, twopos.be
 Les Etablissements Wautieux et Adam SPRL Sprimont, www.sprlchristopheadam.be
 Erica NV Beerse, www.madeinkempen.be
 Smart Food Shopping SA Bruxelles, www.probila-unitrab.be
 La Femme Prï¿½voyante ASBL Liï¿½ge, www.ecolesfps.be
 Lloyd's Register of Shipping BUITENL.VEN Antwerpen, www.cdlive.lr.org
 Natiï¿½nhuis CV Antwerpen, www.bermaxbvba.be
 Koninklijk Verbond der Beheerders van Goederenstromen CV Antwerpen, www.vea-antwerpen.be
 Polan NV Antwerpen, www.stadsschouwburg-antwerpen.be
 Van Oost BVBA Blankenberge, www.vanoostrenovaties.be
 T.S.G. SPRL Sombreffe, gmtsprl.com
 Beerens BVBA Antwerpen, www.beerens.be
 Bureaux Metres Constructions Florian Riccardo SA Fontaine-l'Evï¿½que, www.unicef.fr
 Art et Mï¿½tal SPRL Lasne, www.artmetal-sprl.be
 T&T Douanehotel SPRL Bruxelles, mwst.apixml.net
 R. Baelen F.C ASBL Baelen, www.restn.be
 Dadimek CV Moorslede, www.moorslede.be
 Kunsttijdschrift Vlaanderen VZW Brugge, www.kunsttijdschriftvlaanderen.be
 Vereniging tot Voorlichting van de Pluimveehouders VZW Brugge, pluimvee.be
 Deveco BVBA Knokke-Heist, www.parkeren.be
 Dawyndt BVBA Koksijde, advocatenkoksijde.be
 Exelsior Voetbalclub VZW Hamont-Achel, www.voetbaladres.be
 Electro Vos BVBA Antwerpen, www.bticino.be
 Peos BVBA Ninove, panjiva.com
 Groupement Financier Liï¿½geois SA Liï¿½ge, www.tecteo.be
 parc de l'Eau Rouge SPRL Stavelot, tourismestavelot.be
 N Y C SA Gembloux, www.sa.org
 Societe De Vente Et De Distribution D'Articles De Marques NV Antwerpen, www.capitalmind.com
 Coateng CVOHA Kalmthout,nan
 , bedrijvengids.cybo.com
 Textilcredit ASBL Bruxelles, www.jeunesseabruxelles.be
 Fed Nat Entrepr Vitr & Met Conn ASBL Bruxelles, www.fednat.com
 Mission Catholique Italienne - Missione Catholica Italiana ASBL Seraing, www.csi-rocourt.be
 Ass Anc El Et Amis Ath L Lepage ASBL Bruxelles, www.vatapi.co.uk
 Monastï¿½re des Carmï¿½lites Dechaus ASBL Bruxelles, www.religieux.be
 Oeuvres et Solidaritï¿½s Socialist ASBL Bruxelles, www.ocsasbl.be
 Association des Oeuvres Paroissiales du Doyennï¿½ de Bruxelles Sud - Vereniging van Parochiale Werken van het Decanaat Brussel Zuid ASBL Bruxelles, www.societes-belgium.com
 Service d'Assistance Technique et de Gestion en Faveur des Petites et Moyennes Entreprises ASBL Namur, www.netdir.be
 L'Amis Basilique Nat Sac Coeur K VZW Bruxelles, fr.zalando.be
 Koninklijke Ateliers voor Kunsttapijten Gaspard De Wit In vereffening NV Mechelen, www.imposto.be
 Cercle Catholique Saint Etienne de Vottem ASBL Herstal, ccherstal.be
 L'Aurore des Fontaines ASBL Lierneux, atoutscamps.be
 Circï¿½ SPRL Namur, circe-sprl.avisdesentreprises.be
 Marion et Co SA Ohey, namur.lameuse.be
 Van Audenhoven BVBA Kortenberg, www.elektrovanaudenhoven.be
 Retec BVBA Retie, www.retec-rent.com
 Accueil Touristique de Battice ASBL Herve, www.chac.be
 Kunstvereniging van Oudergem-Association Artistique d'Auderghem ASBL Bruxelles, ccauderghem.be
 Rifflart Martin SPRL Eghezï¿½e, www.pascale-martin.be
 CAROLO-BETON SA Charleroi, www.betondc.be
 Delimmo SA Bruxelles, delimmo-sa.avisdesentreprises.be
 Vermeiren BVBA Affligem, www.affligem.be
 Societe du Cheval de Trait Ardennais UNION PROF. Libramont-Chevigny, www.chevaldetraitardennais.be
 Les Amis des Handicapes ASBL Froidchapelle, www.froidchapelle.be
 Cercle L'Union ASBL Blï¿½gny, www.blegny-initiatives.be
 Koninklijke Beringen-Heusden-Zolder VZW Heusden-Zolder, us.soccerway.com
 Royale Jeunesse de Surister ASBL Jalhay, www.jeunesse-herbiester.be
 Les Pï¿½cheurs Rï¿½unis de Oignies en Thierache ASBL Viroinval, viroinval-1.bedrijvenalle.com
 Dicogel - Begro BVBA Ardooie, www.begro.be
 Insurance Management Investment Company SA Bruxelles, www.ing.be
 Marie-Paule BVBA Knokke-Heist, www.mariejo.com
 Hof TEN Ende CV Assenede, sinnersupply.com
 Garage Boetendael SPRL Bruxelles, www.garageboetendael.be
 Schurmann SPRL Eghezï¿½e, www.schurmann.be
 Borsbeek Sport VZW Borsbeek, www.borsbeek.be
 A Vaes BVBA Heist-op-den-Berg, www.heist-op-den-berg.be
 Construgarden Euro Landscaping SPRL Lasne, www.eurolandscaping.com
 Vivre ï¿½ Villers-le-Gambon ASBL Philippeville, www.balnam.be
 Vlaanderens Rashondenfestival Kortrijk VZW Kortrijk, www.hondenshow.net
 Etablissements Remacle et Guizzetti SPRL Seraing, www.remacle.be
 Sanilec SPRL Bruxelles, www.sanilec-sprl.com
 Alegemene Electriciteit en Lichtstudie Aerts Carl PVBA Brasschaat, offertesonline.be
 Verrycken Vervoer BVBA Hulshout, www.annuaire-des-autocaristes.com
 Koninlijke Marie-Josï¿½e Football Club Zichem VZW Scherpenheuvel-Zichem, www.kuleuven-kulak.be
 Maatschappij voor Ontwikkeling van Ondergrondse Werken SA Bruxelles, lib.ugent.be
 Fink Geneviï¿½ve La Hulpe, www.genevieve-fink.be
 Neys LV Heusden-Zolder, www.rechtvanbijdeboer.be
 Orgo-Interieur Sint-Truiden, www.orgo.be
 Dr. Stefan Teughels B.V. BVBA Mechelen, www.vhkz.be
 Knippenberg Mario Bree, bree.n-va.be
 Fyon Julien Sprimont, www.chauffetvous.be
 Cooman Stefaan Koekelare, www.2dehands.be
 Hugo Keulers Advocatenkantoor B.V. BVBA Brussel, www.lydian.be
 Vanmeerhaeghe Carol Tervuren, issuu.co
 Coateng CVOHA Kalmthout, de.cybo.com
 Circus Leisure SA Seraing, rowneysharman.com
 Maillard Dethier & Co SOC.CIV. SPRL Wavre, www.ibr-ire.be
 G M A T SPRL Bruxelles, www.eduers.com
 International Management Activities CVOHA Steenokkerzeel, corsi.unibo.it
 Etablissements Louis Jacques SPRL Floreffe, www.peintrejacqueslouisfloreffe.be
 Garage Temse BVBA Temse, www.temo.be
 Sebenco SPRL Wavre, sebenco-sprl.avisdesentreprises.be
 Ets.Mantovan-Orelec SPRL Mons, orelec.be
 Boulangerie Pâtisserie Luxueuse SPRL Bruxelles, ch.chambrealouer.com
 Grolaux Jean-Luc SPRL Braine-l'Alleud, www.grolaux.com
 Schreiber. S. SPRL Trooz, docteur-rdv.be
 Xavier Diez Gh SCS Awans, www.xavierdiez.be
 Brandstoffen De Pooter BVBA Zoersel, www.mazoutleveranciersgids.be
 Investment Consulting Cy SPRL Bruxelles, www.pic-europe.com
 Messabric Construct SPRL Wavre, messabric-construct-sprl.avisdesentreprises.be
 Almax Ing Nieur Conseil SA Bruxelles, www.alteliostechnologygroup.com
 G.Y.M.A. BVBA Brecht, www.gyma.be
 F.P.& L. Trucking BVBA Oud-Turnhout, fedbetonbe.webhosting.be
 Carrosserie Brosens & Fils SPRL Brussel, www.eurogarant.eu
 Technical and Industrial Material SA Wavre, gif-sa.eu
 Ducoulembier-Vanderlancke SPRL Estaimpuis, www.masterseek.com
 RJP Dinsart SPRL Fosses-la-Ville, www.dinsart.be
 Brussam SA Bruxelles, www.bienimmeubles.be
 Boke Service Company SA Bruxelles, www.cbg-guinee.com
 Union Sportive Ploegsteert-Bizet ASBL Comines-Warneton, uspb-ploegsteert.footeo.com
 Nollet Drukkerij BVBA Zonnebeke, www.zonnebeke.be
 Jeugd en Kultuur Schoonbroek - R VZW Antwerpen, jeugdencultuur.be
 Charoygros en liquidation SPRL Andenne, www.notairemourue.be
 SK Sonnis Helchteren p/a Vaes E VZW Houthalen-Helchteren, www.vloerentegelwerkenvaes-helchteren.be
 Brackx BVBA Oostende, fietsenmakers.be
 Levano fils SPRL Bruxelles, levano-fils-sprl.bpagina.be
 Dr. Stephan Gordts B.V. BVBA Leuven, www.hhleuven.be
 Advokaat Christophe Van Mechelen B.V. BVBA Boechout, www.vlvm.be
 Docteur Stichelbaut SOC.CIV. SPRL Bruxelles, www.docteurstichelbaut.be
 Natsy SOC.CIV. SPRL Bruxelles, podologue-burdiat.be
 Agricenses SPRL Villers-la-Ville, agricenses-sprl.avisdesentreprises.be
 Europe Medical BVBA Anvers, emsa.be
 Dieltjens en Zoon BVBA Beerse, dieltjens-gino.be
 De Neve BVBA Deinze, www.deneveadvieskantoor.be
 Deby SPRL Bruxelles, www.badie-deby.com
 Bracquegnies-Sports ASBL La Louvière, www.lalouviere.be
 Jeunesses Oleyen Reun c/o Legros ASBL Waremme, www.waremme.be
 Le Neflier SPRL Herbeumont, www.lalibre.be
 Aux Sportifs SPRL Perwez, www.perwez.be
 motor Racing Tilman SPRL Bruxelles, www.bridgestone.be
 Etablissements Voncken - Dinon SPRL Beringen, kaibemaks.apixml.net
 Startel SA Bruxelles, www.startel.ao
 Dejoncker SPRL Bruxelles, www.bourlinguer.be
 Immo Luc en Néerlandais Immo Luc SPRL Bruxelles, www.immobilieregeorges.be
 Garage Masset SPRL Jodoigne, automasset.be
 Profil SC Bruxelles, www.belgianrail.be
 Velimmo PVBA Wuustwezel, phystrad-vof.avisdesentreprises.be
 Construction Estate Development SA Bruxelles, unibra.be
 Dipha SARL de Droit Luxembourgeois SOC. ETRANGERE Bruxelles, bruxelles.mae.lu
 Christiaens Jean & Yves NV Ruiselede, bouwpromotors.zoekeensop.be
