company,website
Vanmeerhaeghe Carol Tervuren, issuu.co
Coateng CVOHA Kalmthout, de.cybo.com
Circus Leisure SA Seraing, rowneysharman.com
A.D.P. Baetens NV Wetteren, www.openingsurengids.be
Maillard Dethier & Co SOC.CIV. SPRL Wavre, www.ibr-ire.be
G M A T SPRL Bruxelles, www.eduers.com
International Management Activities CVOHA Steenokkerzeel, corsi.unibo.it
Mondo BVBA Brecht, www.nieuwsblad.be
Fiduciaire d'Expertise Comptable et Fiscale V.M.F. SPRL Mons, www.iec-iab.be
De Koerant BVBA Antwerpen, www.openingsurengids.be
Etablissements Louis Jacques SPRL Floreffe, www.peintrejacqueslouisfloreffe.be
Garage Temse BVBA Temse, www.temo.be
Sebenco SPRL Wavre, sebenco-sprl.avisdesentreprises.be
Ets.Mantovan-Orelec SPRL Mons, orelec.be
Boulangerie Pâtisserie Luxueuse SPRL Bruxelles, ch.chambrealouer.com
Grolaux Jean-Luc SPRL Braine-l'Alleud, www.grolaux.com
Schreiber. S. SPRL Trooz, docteur-rdv.be
LM Renoclean SPRL Bruxelles, www.staatsbladmonitor.be
A.C.C.O. - Car BVBA Zemst, www.openingsurengids.be
Xavier Diez Gh SCS Awans, www.xavierdiez.be
Brandstoffen De Pooter BVBA Zoersel, www.mazoutleveranciersgids.be
Investment Consulting Cy SPRL Bruxelles, www.pic-europe.com
Terpa SPRL Ans, fr.cylex-belgie.be
Messabric Construct SPRL Wavre, messabric-construct-sprl.avisdesentreprises.be
Almax Ing Nieur Conseil SA Bruxelles, www.alteliostechnologygroup.com
DS Group SA Bruxelles, www.ds-group.be
G.Y.M.A. BVBA Brecht, www.gyma.be
F.P.& L. Trucking BVBA Oud-Turnhout, fedbetonbe.webhosting.be
Van Horne BVBA Hechtel-Eksel, www.publigids.be
Carrosserie Brosens & Fils SPRL Brussel, www.eurogarant.eu
Technical and Industrial Material SA Wavre, gif-sa.eu
Ducoulembier-Vanderlancke SPRL Estaimpuis, www.masterseek.com
RJP Dinsart SPRL Fosses-la-Ville, www.dinsart.be
Centre de Coopération et de Recherche Pédagogique et Technique ASBL Charleroi, bizin.be
UNIC-Von der Lahr GmbH Saint-Vith, www.ostbelgien.net
Claude BVBA Sint-Amands, www.wittegids.be
Limburgse Verzendingsdienst VZW Genk, www.limburgse-verzendingsdienst.be
Brussam SA Bruxelles, www.bienimmeubles.be
Gofimo BVBA Antwerpen, www.publigids.be
Bureau Etudes Claude Lahaye SPRL Aiseau-Presles, www.aiseau-presles.be
Boke Service Company SA Bruxelles, www.cbg-guinee.com
Union Sportive Ploegsteert-Bizet ASBL Comines-Warneton, uspb-ploegsteert.footeo.com
Drankenhandel Gerto BVBA Herselt, www.abcdrinks.be
Etablissements Delbruyere Herman et fils SPRL Seneffe, www.seneffe.be
Aktiekomitee Ontwikkelingssamenwerking Hemiksem VZW VZW Hemiksem, openthebox.be
Football Club Hermée ASBL Oupeye, www.oupeye.be
Vital Timmerman BVBA Genk, www.bouwmatch.be
Feko Centrale Verwarming PVBA Beveren-Waas, offertesonline.be
Nollet Drukkerij BVBA Zonnebeke, www.zonnebeke.be
Cleeren NV Alken, www.pootgoed.be
L.B.D.L.En liquidation SA Charleroi, www.info-hainaut.be
Jeugd en Kultuur Schoonbroek - R VZW Antwerpen, jeugdencultuur.be
Cau-Bouw Tegels NV Hasselt, www.netstart.be
Lancy BVBA Torhout, www.netstart.be
Marova BVBA Kortessem, transport-belgique.com
Charoygros en liquidation SPRL Andenne, www.notairemourue.be
SK Sonnis Helchteren p/a Vaes E VZW Houthalen-Helchteren, www.vloerentegelwerkenvaes-helchteren.be
Brackx BVBA Oostende, fietsenmakers.be
Levano fils SPRL Bruxelles, levano-fils-sprl.bpagina.be
De Groof NV Herentals, www.publigids.be
Van Praet - Loverie PVBA Bornem, openthebox.be
Gentiel d'Heedene-Vercruysse BVBA Waregem, www.waregem.be
Association des Minouches ASBL Hastière, www.culturehastiere.be
Cercle Etudes Charles de Gaulle ASBL Gesves, www.guide-genealogie.com
Fraiture Ets. SPRL Nandrin, www.annuaire-horaire.be
Eco Toitures SPRL Seneffe, www.seneffe.be
Denta Respect SOC.CIV. SRL Waremme, www.infos-liege.be
Dr. Stephan Gordts B.V. BVBA Leuven, www.hhleuven.be
Advokaat Christophe Van Mechelen B.V. BVBA Boechout, www.vlvm.be
Docteur Stichelbaut SOC.CIV. SPRL Bruxelles, www.docteurstichelbaut.be
Periodental SPRL Mont-Saint-Guibert, www.mont-saint-guibert.be
Orgo-Interieur Sint-Truiden, www.orgo.be
Natsy SOC.CIV. SPRL Bruxelles, podologue-burdiat.be
Cabinet Médical docteur Léon Constant SOC.CIV. SPRL Aubel, www.starofservice.be
Continuum Sports Belgium BVBA Nazareth, panjiva.com
Aerts Joris Dendermonde, groepdender.be
Agricenses SPRL Villers-la-Ville, agricenses-sprl.avisdesentreprises.be
Europe Medical BVBA Anvers, emsa.be
Dieltjens en Zoon BVBA Beerse, dieltjens-gino.be
De Neve BVBA Deinze, www.deneveadvieskantoor.be
Rewa Benelux in vereffening NV Brugge, www.iec-iab.be
Deby SPRL Bruxelles, www.badie-deby.com
Bracquegnies-Sports ASBL La Louvière, www.lalouviere.be
Jeunesses Oleyen Reun c/o Legros ASBL Waremme, www.waremme.be
Ets Demarteau André et Cie SPRL Vielsalm, www.vielsalm.be
Le Neflier SPRL Herbeumont, www.lalibre.be
Aux Sportifs SPRL Perwez, www.perwez.be
motor Racing Tilman SPRL Bruxelles, www.bridgestone.be
Mazout Bouharmont SPRL Liège, www.mazout-liege.be
Claeys Michel PVBA Nevele, www.inmemoriam.be
Maison Mangola SPRL Saint-Nicolas, www.immoweb.be
Etablissements Voncken - Dinon SPRL Beringen, kaibemaks.apixml.net
Startel SA Bruxelles, www.startel.ao
Dejoncker SPRL Bruxelles, www.bourlinguer.be
Immo Luc en Néerlandais Immo Luc SPRL Bruxelles, www.immobilieregeorges.be
Konigliche Schutzengesellschaft sankt Aegidius Heppenbach ASBL Amblève, dnb.alacrastore.com
Garage Masset SPRL Jodoigne, automasset.be
Profil SC Bruxelles, www.belgianrail.be
Velimmo PVBA Wuustwezel, phystrad-vof.avisdesentreprises.be
Construction Estate Development SA Bruxelles, unibra.be
Dipha SARL de Droit Luxembourgeois SOC. ETRANGERE Bruxelles, bruxelles.mae.lu
Etablissements Labeau et fils SA Lessines, www.annuaire-horaire.be
Christiaens Jean & Yves NV Ruiselede, bouwpromotors.zoekeensop.be
